-- phpMyAdmin SQL Dump
-- version 3.4.9
-- http://www.phpmyadmin.net
--
-- Client: localhost
-- Généré le : Ven 02 Mai 2014 à 07:02
-- Version du serveur: 5.5.20
-- Version de PHP: 5.3.9

SET SQL_MODE="NO_AUTO_VALUE_ON_ZERO";
SET time_zone = "+00:00";


/*!40101 SET @OLD_CHARACTER_SET_CLIENT=@@CHARACTER_SET_CLIENT */;
/*!40101 SET @OLD_CHARACTER_SET_RESULTS=@@CHARACTER_SET_RESULTS */;
/*!40101 SET @OLD_COLLATION_CONNECTION=@@COLLATION_CONNECTION */;
/*!40101 SET NAMES utf8 */;

--
-- Base de données: `covoiturage`
--

--
-- Contenu de la table `holidays`
--

INSERT INTO `holidays` (`id`, `name`, `begin`, `end`) VALUES
(1, 'Vacances de Pâques', '2014-04-11', '2014-04-28'),
(2, 'Pont de l''Ascension', '2014-05-29', '2014-05-30'),
(3, 'Lundi de Pentecôte', '2014-05-20', '2014-05-20'),
(4, 'Lundi du Jeûne fédéral', '2014-09-22', '2014-09-22'),
(5, 'Vacances d''automne', '2014-10-10', '2014-10-27'),
(6, 'Vacances d''hiver', '2014-12-19', '2015-01-05'),
(7, 'Relâches', '2015-02-20', '2015-03-02'),
(8, 'Vacances de Pâques', '2015-04-02', '2015-04-20'),
(9, 'Pont de l''Ascension', '2015-05-14', '2015-05-15'),
(10, 'Lundi de Pentecôte', '2015-05-25', '2015-05-25');

--
-- Contenu de la table `registrations`
--

INSERT INTO `registrations` (`id`, `user_fk`, `ride_fk`, `startDate`, `endDate`, `accepted`) VALUES
(1, 1, 9, '2015-01-01 00:00:00', '2015-04-30 00:00:00', 0),
(2, 2, 3, '2014-06-10 00:00:00', '2014-06-10 00:00:00', NULL);

--
-- Contenu de la table `rides`
--

INSERT INTO `rides` (`id`, `driver_fk`, `departuretown_fk`, `arrivaltown_fk`, `bindedride`, `description`, `departure`, `arrival`, `seats`, `startDate`, `endDate`, `day`, `visibility`) VALUES
(1, 1, 973, 46, NULL, 'un super ride', '09:39:15', '15:55:29', 4, '2014-05-01 00:00:00', '2014-05-01 00:00:00', 4, 1),
(2, 1, 33, 49, NULL, 'un super ride', '10:20:15', '11:15:29', 4, '2014-05-06 00:00:00', '2014-05-06 00:00:00', 2, 1),
(3, 1, 50, 41, NULL, 'un super ride', '06:39:00', '07:30:00', 4, '2014-06-10 00:00:00', '2014-06-10 00:00:00', 2, 1),
(4, 1, 56, 39, 5, 'un super ride', '10:40:00', '11:30:00', 3, '2014-08-02 00:00:00', '2014-08-02 00:00:00', 6, 1),
(5, 1, 37, 31, 4, 'un super ride', '02:40:00', '03:30:00', 3, '2014-08-02 00:00:00', '2014-08-02 00:00:00', 6, 1),
(6, 1, 39, 33, NULL, 'un super ride', '10:40:00', '11:30:00', 3, '2014-11-05 00:00:00', '2014-11-05 00:00:00', 3, 1),
(7, 1, 56, 39, NULL, 'un super ride', '04:40:00', '05:00:00', 4, '2015-01-03 00:00:00', '2015-01-31 00:00:00', 6, 1),
(8, 2, 475, 479, NULL, 'un super ride', '06:54:00', '08:30:00', 4, '2015-01-02 00:00:00', '2015-02-06 00:00:00', 5, 1),
(9, 2, 480, 466, NULL, 'un super ride', '01:00:00', '01:30:00', 4, '2014-07-29 00:00:00', '2014-07-29 00:00:00', 2, 1),
(10, 2, 1762, 1866, NULL, 'un super ride', '09:00:00', '11:30:00', 4, '2014-07-30 00:00:00', '2014-07-30 00:00:00', 3, 1),
(17, 1, 1873, 1866, 18, 'asdfasdf', '07:00:00', '08:00:00', 4, '2014-05-08 00:00:00', '2014-05-15 00:00:00', 4, 1),
(18, 1, 1866, 1873, 17, 'fdasfasdf', '15:00:00', '16:00:00', 4, '2014-05-08 00:00:00', '2014-05-15 00:00:00', 4, 1);

--
-- Contenu de la table `towns`
--

INSERT INTO `towns` (`id`, `name`) VALUES
(1, 'Aeugst am Albis'),
(2, 'Affoltern am Albis'),
(3, 'Bonstetten'),
(4, 'Hausen am Albis'),
(5, 'Hedingen'),
(6, 'Kappel am Albis'),
(7, 'Knonau'),
(8, 'Maschwanden'),
(9, 'Mettmenstetten'),
(10, 'Obfelden'),
(11, 'Ottenbach'),
(12, 'Rifferswil'),
(13, 'Stallikon'),
(14, 'Wettswil am Albis'),
(15, 'Adlikon'),
(16, 'Benken (ZH)'),
(17, 'Berg am Irchel'),
(18, 'Buch am Irchel'),
(19, 'Dachsen'),
(20, 'Dorf'),
(21, 'Feuerthalen'),
(22, 'Flaach'),
(23, 'Flurlingen'),
(24, 'Andelfingen'),
(25, 'Henggart'),
(26, 'Humlikon'),
(27, 'Kleinandelfingen'),
(28, 'Laufen-Uhwiesen'),
(29, 'Marthalen'),
(30, 'Oberstammheim'),
(31, 'Ossingen'),
(32, 'Rheinau'),
(33, 'Thalheim an der Thur'),
(34, 'Trüllikon'),
(35, 'Truttikon'),
(36, 'Unterstammheim'),
(37, 'Volken'),
(38, 'Waltalingen'),
(39, 'Bachenbülach'),
(40, 'Bassersdorf'),
(41, 'Bülach'),
(42, 'Dietlikon'),
(43, 'Eglisau'),
(44, 'Embrach'),
(45, 'Freienstein-Teufen'),
(46, 'Glattfelden'),
(47, 'Hochfelden'),
(48, 'Höri'),
(49, 'Hüntwangen'),
(50, 'Kloten'),
(51, 'Lufingen'),
(52, 'Nürensdorf'),
(53, 'Oberembrach'),
(54, 'Opfikon'),
(55, 'Rafz'),
(56, 'Rorbas'),
(57, 'Wallisellen'),
(58, 'Wasterkingen'),
(59, 'Wil (ZH)'),
(60, 'Winkel'),
(61, 'Bachs'),
(62, 'Boppelsen'),
(63, 'Buchs (ZH)'),
(64, 'Dällikon'),
(65, 'Dänikon'),
(66, 'Dielsdorf'),
(67, 'Hüttikon'),
(68, 'Neerach'),
(69, 'Niederglatt'),
(70, 'Niederhasli'),
(71, 'Niederweningen'),
(72, 'Oberglatt'),
(73, 'Oberweningen'),
(74, 'Otelfingen'),
(75, 'Regensberg'),
(76, 'Regensdorf'),
(77, 'Rümlang'),
(78, 'Schleinikon'),
(79, 'Schöfflisdorf'),
(80, 'Stadel'),
(81, 'Steinmaur'),
(82, 'Weiach'),
(83, 'Bäretswil'),
(84, 'Bubikon'),
(85, 'Dürnten'),
(86, 'Fischenthal'),
(87, 'Gossau (ZH)'),
(88, 'Grüningen'),
(89, 'Hinwil'),
(90, 'Rüti (ZH)'),
(91, 'Seegräben'),
(92, 'Wald (ZH)'),
(93, 'Wetzikon (ZH)'),
(94, 'Adliswil'),
(95, 'Hirzel'),
(96, 'Horgen'),
(97, 'Hütten'),
(98, 'Kilchberg (ZH)'),
(99, 'Langnau am Albis'),
(100, 'Oberrieden'),
(101, 'Richterswil'),
(102, 'Rüschlikon'),
(103, 'Schönenberg (ZH)'),
(104, 'Thalwil'),
(105, 'Wädenswil'),
(106, 'Erlenbach (ZH)'),
(107, 'Herrliberg'),
(108, 'Hombrechtikon'),
(109, 'Küsnacht (ZH)'),
(110, 'Männedorf'),
(111, 'Meilen'),
(112, 'Oetwil am See'),
(113, 'Stäfa'),
(114, 'Uetikon am See'),
(115, 'Zumikon'),
(116, 'Zollikon'),
(117, 'Bauma'),
(118, 'Fehraltorf'),
(119, 'Hittnau'),
(120, 'Illnau-Effretikon'),
(121, 'Kyburg'),
(122, 'Lindau'),
(123, 'Pfäffikon'),
(124, 'Russikon'),
(125, 'Sternenberg'),
(126, 'Weisslingen'),
(127, 'Wila'),
(128, 'Wildberg'),
(129, 'Dübendorf'),
(130, 'Egg'),
(131, 'Fällanden'),
(132, 'Greifensee'),
(133, 'Maur'),
(134, 'Mönchaltorf'),
(135, 'Schwerzenbach'),
(136, 'Uster'),
(137, 'Volketswil'),
(138, 'Wangen-Brüttisellen'),
(139, 'Altikon'),
(140, 'Brütten'),
(141, 'Dägerlen'),
(142, 'Dättlikon'),
(143, 'Dinhard'),
(144, 'Elgg'),
(145, 'Ellikon an der Thur'),
(146, 'Elsau'),
(147, 'Hagenbuch'),
(148, 'Hettlingen'),
(149, 'Hofstetten (ZH)'),
(150, 'Neftenbach'),
(151, 'Pfungen'),
(152, 'Rickenbach (ZH)'),
(153, 'Schlatt (ZH)'),
(154, 'Seuzach'),
(155, 'Turbenthal'),
(156, 'Winterthur'),
(157, 'Zell (ZH)'),
(158, 'Aesch (ZH)'),
(159, 'Birmensdorf (ZH)'),
(160, 'Dietikon'),
(161, 'Geroldswil'),
(162, 'Oberengstringen'),
(163, 'Oetwil an der Limmat'),
(164, 'Schlieren'),
(165, 'Uitikon'),
(166, 'Unterengstringen'),
(167, 'Urdorf'),
(168, 'Weiningen (ZH)'),
(169, 'Zürich'),
(170, 'Wiesendangen'),
(171, 'Aarberg'),
(172, 'Bargen (BE)'),
(173, 'Grossaffoltern'),
(174, 'Kallnach'),
(175, 'Kappelen'),
(176, 'Lyss'),
(177, 'Meikirch'),
(178, 'Radelfingen'),
(179, 'Rapperswil (BE)'),
(180, 'Schüpfen'),
(181, 'Seedorf (BE)'),
(182, 'Aarwangen'),
(183, 'Auswil'),
(184, 'Bannwil'),
(185, 'Bleienbach'),
(186, 'Busswil bei Melchnau'),
(187, 'Gondiswil'),
(188, 'Langenthal'),
(189, 'Lotzwil'),
(190, 'Madiswil'),
(191, 'Melchnau'),
(192, 'Obersteckholz'),
(193, 'Oeschenbach'),
(194, 'Reisiswil'),
(195, 'Roggwil (BE)'),
(196, 'Rohrbach'),
(197, 'Rohrbachgraben'),
(198, 'Rütschelen'),
(199, 'Schwarzhäusern'),
(200, 'Thunstetten'),
(201, 'Ursenbach'),
(202, 'Wynau'),
(203, 'Bern'),
(204, 'Bolligen'),
(205, 'Bremgarten bei Bern'),
(206, 'Kirchlindach'),
(207, 'Köniz'),
(208, 'Muri bei Bern'),
(209, 'Oberbalm'),
(210, 'Stettlen'),
(211, 'Vechigen'),
(212, 'Wohlen bei Bern'),
(213, 'Zollikofen'),
(214, 'Ittigen'),
(215, 'Ostermundigen'),
(216, 'Biel/Bienne'),
(217, 'Evilard'),
(218, 'Arch'),
(219, 'Büetigen'),
(220, 'Büren an der Aare'),
(221, 'Diessbach bei Büren'),
(222, 'Dotzigen'),
(223, 'Lengnau (BE)'),
(224, 'Leuzigen'),
(225, 'Meienried'),
(226, 'Meinisberg'),
(227, 'Oberwil bei Büren'),
(228, 'Pieterlen'),
(229, 'Rüti bei Büren'),
(230, 'Wengi'),
(231, 'Aefligen'),
(232, 'Alchenstorf'),
(233, 'Bäriswil'),
(234, 'Burgdorf'),
(235, 'Ersigen'),
(236, 'Hasle bei Burgdorf'),
(237, 'Heimiswil'),
(238, 'Hellsau'),
(239, 'Hindelbank'),
(240, 'Höchstetten'),
(241, 'Kernenried'),
(242, 'Kirchberg (BE)'),
(243, 'Koppigen'),
(244, 'Krauchthal'),
(245, 'Lyssach'),
(246, 'Mötschwil'),
(247, 'Niederösch'),
(248, 'Oberburg'),
(249, 'Oberösch'),
(250, 'Rüdtligen-Alchenflüh'),
(251, 'Rumendingen'),
(252, 'Rüti bei Lyssach'),
(253, 'Willadingen'),
(254, 'Wynigen'),
(255, 'Corgémont'),
(256, 'Cormoret'),
(257, 'Cortébert'),
(258, 'Courtelary'),
(259, 'La Ferrière'),
(260, 'La Heutte'),
(261, 'Mont-Tramelan'),
(262, 'Orvin'),
(263, 'Péry'),
(264, 'Renan (BE)'),
(265, 'Romont (BE)'),
(266, 'Saint-Imier'),
(267, 'Sonceboz-Sombeval'),
(268, 'Sonvilier'),
(269, 'Tramelan'),
(270, 'Villeret'),
(271, 'Sauge'),
(272, 'Brüttelen'),
(273, 'Erlach'),
(274, 'Finsterhennen'),
(275, 'Gals'),
(276, 'Gampelen'),
(277, 'Ins'),
(278, 'Lüscherz'),
(279, 'Müntschemier'),
(280, 'Siselen'),
(281, 'Treiten'),
(282, 'Tschugg'),
(283, 'Vinelz'),
(284, 'Bangerten'),
(285, 'Bätterkinden'),
(286, 'Deisswil bei Münchenbuchsee'),
(287, 'Diemerswil'),
(288, 'Fraubrunnen'),
(289, 'Jegenstorf'),
(290, 'Iffwil'),
(291, 'Mattstetten'),
(292, 'Moosseedorf'),
(293, 'Münchenbuchsee'),
(294, 'Urtenen-Schönbühl'),
(295, 'Utzenstorf'),
(296, 'Wiggiswil'),
(297, 'Wiler bei Utzenstorf'),
(298, 'Zielebach'),
(299, 'Zuzwil (BE)'),
(300, 'Adelboden'),
(301, 'Aeschi bei Spiez'),
(302, 'Frutigen'),
(303, 'Kandergrund'),
(304, 'Kandersteg'),
(305, 'Krattigen'),
(306, 'Reichenbach im Kandertal'),
(307, 'Beatenberg'),
(308, 'Bönigen'),
(309, 'Brienz (BE)'),
(310, 'Brienzwiler'),
(311, 'Därligen'),
(312, 'Grindelwald'),
(313, 'Gsteigwiler'),
(314, 'Gündlischwand'),
(315, 'Habkern'),
(316, 'Hofstetten bei Brienz'),
(317, 'Interlaken'),
(318, 'Iseltwald'),
(319, 'Lauterbrunnen'),
(320, 'Leissigen'),
(321, 'Lütschental'),
(322, 'Matten bei Interlaken'),
(323, 'Niederried bei Interlaken'),
(324, 'Oberried am Brienzersee'),
(325, 'Ringgenberg (BE)'),
(326, 'Saxeten'),
(327, 'Schwanden bei Brienz'),
(328, 'Unterseen'),
(329, 'Wilderswil'),
(330, 'Arni (BE)'),
(331, 'Biglen'),
(332, 'Bowil'),
(333, 'Brenzikofen'),
(334, 'Freimettigen'),
(335, 'Grosshöchstetten'),
(336, 'Häutligen'),
(337, 'Herbligen'),
(338, 'Kiesen'),
(339, 'Konolfingen'),
(340, 'Landiswil'),
(341, 'Linden'),
(342, 'Mirchel'),
(343, 'Münsingen'),
(344, 'Niederhünigen'),
(345, 'Oberdiessbach'),
(346, 'Oberthal'),
(347, 'Oppligen'),
(348, 'Rubigen'),
(349, 'Schlosswil'),
(350, 'Tägertschi'),
(351, 'Walkringen'),
(352, 'Worb'),
(353, 'Zäziwil'),
(354, 'Oberhünigen'),
(355, 'Allmendingen'),
(356, 'Wichtrach'),
(357, 'Clavaleyres'),
(358, 'Ferenbalm'),
(359, 'Frauenkappelen'),
(360, 'Golaten'),
(361, 'Gurbrü'),
(362, 'Kriechenwil'),
(363, 'Laupen'),
(364, 'Mühleberg'),
(365, 'Münchenwiler'),
(366, 'Neuenegg'),
(367, 'Wileroltigen'),
(368, 'Belprahon'),
(369, 'Bévilard'),
(370, 'Champoz'),
(371, 'Châtelat'),
(372, 'Corcelles (BE)'),
(373, 'Court'),
(374, 'Crémines'),
(375, 'Eschert'),
(376, 'Grandval'),
(377, 'Loveresse'),
(378, 'Malleray'),
(379, 'Monible'),
(380, 'Moutier'),
(381, 'Perrefitte'),
(382, 'Pontenet'),
(383, 'Reconvilier'),
(384, 'Roches (BE)'),
(385, 'Saicourt'),
(386, 'Saules (BE)'),
(387, 'Schelten'),
(388, 'Seehof'),
(389, 'Sornetan'),
(390, 'Sorvilier'),
(391, 'Souboz'),
(392, 'Tavannes'),
(393, 'Rebévelier'),
(394, 'La Neuveville'),
(395, 'Nods'),
(396, 'Plateau de Diesse'),
(397, 'Aegerten'),
(398, 'Bellmund'),
(399, 'Brügg'),
(400, 'Bühl'),
(401, 'Epsach'),
(402, 'Hagneck'),
(403, 'Hermrigen'),
(404, 'Jens'),
(405, 'Ipsach'),
(406, 'Ligerz'),
(407, 'Merzligen'),
(408, 'Mörigen'),
(409, 'Nidau'),
(410, 'Orpund'),
(411, 'Port'),
(412, 'Safnern'),
(413, 'Scheuren'),
(414, 'Schwadernau'),
(415, 'Studen (BE)'),
(416, 'Sutz-Lattrigen'),
(417, 'Täuffelen'),
(418, 'Walperswil'),
(419, 'Worben'),
(420, 'Twann-Tüscherz'),
(421, 'Därstetten'),
(422, 'Diemtigen'),
(423, 'Erlenbach im Simmental'),
(424, 'Oberwil im Simmental'),
(425, 'Reutigen'),
(426, 'Spiez'),
(427, 'Wimmis'),
(428, 'Stocken-Höfen'),
(429, 'Guttannen'),
(430, 'Hasliberg'),
(431, 'Innertkirchen'),
(432, 'Meiringen'),
(433, 'Schattenhalb'),
(434, 'Boltigen'),
(435, 'Lenk'),
(436, 'St. Stephan'),
(437, 'Zweisimmen'),
(438, 'Gsteig'),
(439, 'Lauenen'),
(440, 'Saanen'),
(441, 'Guggisberg'),
(442, 'Rüschegg'),
(443, 'Schwarzenburg'),
(444, 'Belp'),
(445, 'Burgistein'),
(446, 'Gelterfingen'),
(447, 'Gerzensee'),
(448, 'Gurzelen'),
(449, 'Jaberg'),
(450, 'Kaufdorf'),
(451, 'Kehrsatz'),
(452, 'Kirchdorf (BE)'),
(453, 'Kirchenthurnen'),
(454, 'Lohnstorf'),
(455, 'Mühledorf (BE)'),
(456, 'Mühlethurnen'),
(457, 'Niedermuhlern'),
(458, 'Noflen'),
(459, 'Riggisberg'),
(460, 'Rüeggisberg'),
(461, 'Rümligen'),
(462, 'Seftigen'),
(463, 'Toffen'),
(464, 'Uttigen'),
(465, 'Wattenwil'),
(466, 'Wald (BE)'),
(467, 'Eggiwil'),
(468, 'Langnau im Emmental'),
(469, 'Lauperswil'),
(470, 'Röthenbach im Emmental'),
(471, 'Rüderswil'),
(472, 'Schangnau'),
(473, 'Signau'),
(474, 'Trub'),
(475, 'Trubschachen'),
(476, 'Amsoldingen'),
(477, 'Blumenstein'),
(478, 'Buchholterberg'),
(479, 'Eriz'),
(480, 'Fahrni'),
(481, 'Heiligenschwendi'),
(482, 'Heimberg'),
(483, 'Hilterfingen'),
(484, 'Homberg'),
(485, 'Horrenbach-Buchen'),
(486, 'Oberhofen am Thunersee'),
(487, 'Oberlangenegg'),
(488, 'Pohlern'),
(489, 'Schwendibach'),
(490, 'Sigriswil'),
(491, 'Steffisburg'),
(492, 'Teuffenthal (BE)'),
(493, 'Thierachern'),
(494, 'Thun'),
(495, 'Uebeschi'),
(496, 'Uetendorf'),
(497, 'Unterlangenegg'),
(498, 'Wachseldorn'),
(499, 'Zwieselberg'),
(500, 'Forst-Längenbühl'),
(501, 'Affoltern im Emmental'),
(502, 'Dürrenroth'),
(503, 'Eriswil'),
(504, 'Huttwil'),
(505, 'Lützelflüh'),
(506, 'Rüegsau'),
(507, 'Sumiswald'),
(508, 'Trachselwald'),
(509, 'Walterswil (BE)'),
(510, 'Wyssachen'),
(511, 'Attiswil'),
(512, 'Berken'),
(513, 'Bettenhausen'),
(514, 'Farnern'),
(515, 'Graben'),
(516, 'Heimenhausen'),
(517, 'Hermiswil'),
(518, 'Herzogenbuchsee'),
(519, 'Inkwil'),
(520, 'Niederbipp'),
(521, 'Niederönz'),
(522, 'Oberbipp'),
(523, 'Ochlenberg'),
(524, 'Rumisberg'),
(525, 'Seeberg'),
(526, 'Thörigen'),
(527, 'Walliswil bei Niederbipp'),
(528, 'Walliswil bei Wangen'),
(529, 'Wangen an der Aare'),
(530, 'Wangenried'),
(531, 'Wiedlisbach'),
(532, 'Wolfisberg'),
(533, 'Doppleschwand'),
(534, 'Entlebuch'),
(535, 'Flühli'),
(536, 'Hasle (LU)'),
(537, 'Romoos'),
(538, 'Schüpfheim'),
(539, 'Werthenstein'),
(540, 'Escholzmatt-Marbach'),
(541, 'Aesch (LU)'),
(542, 'Altwis'),
(543, 'Ballwil'),
(544, 'Emmen'),
(545, 'Ermensee'),
(546, 'Eschenbach (LU)'),
(547, 'Hitzkirch'),
(548, 'Hochdorf'),
(549, 'Hohenrain'),
(550, 'Inwil'),
(551, 'Rain'),
(552, 'Römerswil'),
(553, 'Rothenburg'),
(554, 'Schongau'),
(555, 'Adligenswil'),
(556, 'Buchrain'),
(557, 'Dierikon'),
(558, 'Ebikon'),
(559, 'Gisikon'),
(560, 'Greppen'),
(561, 'Honau'),
(562, 'Horw'),
(563, 'Kriens'),
(564, 'Luzern'),
(565, 'Malters'),
(566, 'Meggen'),
(567, 'Meierskappel'),
(568, 'Root'),
(569, 'Schwarzenberg'),
(570, 'Udligenswil'),
(571, 'Vitznau'),
(572, 'Weggis'),
(573, 'Beromünster'),
(574, 'Büron'),
(575, 'Buttisholz'),
(576, 'Eich'),
(577, 'Geuensee'),
(578, 'Grosswangen'),
(579, 'Hildisrieden'),
(580, 'Knutwil'),
(581, 'Mauensee'),
(582, 'Neuenkirch'),
(583, 'Nottwil'),
(584, 'Oberkirch'),
(585, 'Rickenbach (LU)'),
(586, 'Ruswil'),
(587, 'Schenkon'),
(588, 'Schlierbach'),
(589, 'Sempach'),
(590, 'Sursee'),
(591, 'Triengen'),
(592, 'Wolhusen'),
(593, 'Alberswil'),
(594, 'Altbüron'),
(595, 'Altishofen'),
(596, 'Dagmersellen'),
(597, 'Ebersecken'),
(598, 'Egolzwil'),
(599, 'Ettiswil'),
(600, 'Fischbach'),
(601, 'Gettnau'),
(602, 'Grossdietwil'),
(603, 'Hergiswil bei Willisau'),
(604, 'Luthern'),
(605, 'Menznau'),
(606, 'Nebikon'),
(607, 'Pfaffnau'),
(608, 'Reiden'),
(609, 'Roggliswil'),
(610, 'Schötz'),
(611, 'Ufhusen'),
(612, 'Wauwil'),
(613, 'Wikon'),
(614, 'Zell (LU)'),
(615, 'Willisau'),
(616, 'Altdorf (UR)'),
(617, 'Andermatt'),
(618, 'Attinghausen'),
(619, 'Bauen'),
(620, 'Bürglen (UR)'),
(621, 'Erstfeld'),
(622, 'Flüelen'),
(623, 'Göschenen'),
(624, 'Gurtnellen'),
(625, 'Hospental'),
(626, 'Isenthal'),
(627, 'Realp'),
(628, 'Schattdorf'),
(629, 'Seedorf (UR)'),
(630, 'Seelisberg'),
(631, 'Silenen'),
(632, 'Sisikon'),
(633, 'Spiringen'),
(634, 'Unterschächen'),
(635, 'Wassen'),
(636, 'Einsiedeln'),
(637, 'Gersau'),
(638, 'Feusisberg'),
(639, 'Freienbach'),
(640, 'Wollerau'),
(641, 'Küssnacht (SZ)'),
(642, 'Altendorf'),
(643, 'Galgenen'),
(644, 'Innerthal'),
(645, 'Lachen'),
(646, 'Reichenburg'),
(647, 'Schübelbach'),
(648, 'Tuggen'),
(649, 'Vorderthal'),
(650, 'Wangen (SZ)'),
(651, 'Alpthal'),
(652, 'Arth'),
(653, 'Illgau'),
(654, 'Ingenbohl'),
(655, 'Lauerz'),
(656, 'Morschach'),
(657, 'Muotathal'),
(658, 'Oberiberg'),
(659, 'Riemenstalden'),
(660, 'Rothenthurm'),
(661, 'Sattel'),
(662, 'Schwyz'),
(663, 'Steinen'),
(664, 'Steinerberg'),
(665, 'Unteriberg'),
(666, 'Alpnach'),
(667, 'Engelberg'),
(668, 'Giswil'),
(669, 'Kerns'),
(670, 'Lungern'),
(671, 'Sachseln'),
(672, 'Sarnen'),
(673, 'Beckenried'),
(674, 'Buochs'),
(675, 'Dallenwil'),
(676, 'Emmetten'),
(677, 'Ennetbürgen'),
(678, 'Ennetmoos'),
(679, 'Hergiswil (NW)'),
(680, 'Oberdorf (NW)'),
(681, 'Stans'),
(682, 'Stansstad'),
(683, 'Wolfenschiessen'),
(684, 'Glarus Nord'),
(685, 'Glarus Süd'),
(686, 'Glarus'),
(687, 'Baar'),
(688, 'Cham'),
(689, 'Hünenberg'),
(690, 'Menzingen'),
(691, 'Neuheim'),
(692, 'Oberägeri'),
(693, 'Risch'),
(694, 'Steinhausen'),
(695, 'Unterägeri'),
(696, 'Walchwil'),
(697, 'Zug'),
(698, 'Bussy (FR)'),
(699, 'Châbles'),
(700, 'Châtillon (FR)'),
(701, 'Cheiry'),
(702, 'Cheyres'),
(703, 'Cugy (FR)'),
(704, 'Domdidier'),
(705, 'Dompierre (FR)'),
(706, 'Estavayer-le-Lac'),
(707, 'Fétigny'),
(708, 'Gletterens'),
(709, 'Léchelles'),
(710, 'Lully (FR)'),
(711, 'Ménières'),
(712, 'Montagny (FR)'),
(713, 'Morens (FR)'),
(714, 'Murist'),
(715, 'Nuvilly'),
(716, 'Prévondavaux'),
(717, 'Rueyres-les-Prés'),
(718, 'Russy'),
(719, 'Saint-Aubin (FR)'),
(720, 'Sévaz'),
(721, 'Surpierre'),
(722, 'Vallon'),
(723, 'Villeneuve (FR)'),
(724, 'Vuissens'),
(725, 'Les Montets'),
(726, 'Delley-Portalban'),
(727, 'Vernay'),
(728, 'Auboranges'),
(729, 'Billens-Hennens'),
(730, 'Chapelle (Glâne)'),
(731, 'Le Châtelard'),
(732, 'Châtonnaye'),
(733, 'Ecublens (FR)'),
(734, 'Grangettes'),
(735, 'Massonnens'),
(736, 'Mézières (FR)'),
(737, 'Montet (Glâne)'),
(738, 'Romont (FR)'),
(739, 'Rue'),
(740, 'Siviriez'),
(741, 'Ursy'),
(742, 'Villaz-Saint-Pierre'),
(743, 'Vuisternens-devant-Romont'),
(744, 'Villorsonnens'),
(745, 'Torny'),
(746, 'La Folliaz'),
(747, 'Haut-Intyamon'),
(748, 'Pont-en-Ogoz'),
(749, 'Botterens'),
(750, 'Broc'),
(751, 'Bulle'),
(752, 'Châtel-sur-Montsalvens'),
(753, 'Corbières'),
(754, 'Crésuz'),
(755, 'Echarlens'),
(756, 'Grandvillard'),
(757, 'Gruyères'),
(758, 'Hauteville'),
(759, 'Jaun'),
(760, 'Marsens'),
(761, 'Morlon'),
(762, 'Le Pâquier (FR)'),
(763, 'Pont-la-Ville'),
(764, 'Riaz'),
(765, 'La Roche'),
(766, 'Sâles'),
(767, 'Sorens'),
(768, 'Vaulruz'),
(769, 'Vuadens'),
(770, 'Bas-Intyamon'),
(771, 'Val-de-Charmey'),
(772, 'Arconciel'),
(773, 'Autafond'),
(774, 'Autigny'),
(775, 'Avry'),
(776, 'Belfaux'),
(777, 'Chénens'),
(778, 'Chésopelloz'),
(779, 'Corminboeuf'),
(780, 'Corpataux-Magnedens'),
(781, 'Corserey'),
(782, 'Cottens (FR)'),
(783, 'Ependes (FR)'),
(784, 'Farvagny'),
(785, 'Ferpicloz'),
(786, 'Fribourg'),
(787, 'Givisiez'),
(788, 'Granges-Paccot'),
(789, 'Grolley'),
(790, 'Marly'),
(791, 'Matran'),
(792, 'Neyruz (FR)'),
(793, 'Noréaz'),
(794, 'Pierrafortscha'),
(795, 'Ponthaux'),
(796, 'Le Mouret'),
(797, 'Prez-vers-Noréaz'),
(798, 'Rossens (FR)'),
(799, 'Le Glèbe'),
(800, 'Senèdes'),
(801, 'Treyvaux'),
(802, 'Villars-sur-Glâne'),
(803, 'Villarsel-sur-Marly'),
(804, 'Vuisternens-en-Ogoz'),
(805, 'Hauterive (FR)'),
(806, 'La Brillaz'),
(807, 'La Sonnaz'),
(808, 'Barberêche'),
(809, 'Courgevaux'),
(810, 'Courlevon'),
(811, 'Courtepin'),
(812, 'Cressier (FR)'),
(813, 'Fräschels'),
(814, 'Galmiz'),
(815, 'Gempenach'),
(816, 'Greng'),
(817, 'Gurmels'),
(818, 'Jeuss'),
(819, 'Kerzers'),
(820, 'Kleinbösingen'),
(821, 'Lurtigen'),
(822, 'Meyriez'),
(823, 'Misery-Courtion'),
(824, 'Muntelier'),
(825, 'Murten'),
(826, 'Ried bei Kerzers'),
(827, 'Salvenach'),
(828, 'Ulmiz'),
(829, 'Villarepos'),
(830, 'Bas-Vully'),
(831, 'Haut-Vully'),
(832, 'Wallenried'),
(833, 'Alterswil'),
(834, 'Brünisried'),
(835, 'Düdingen'),
(836, 'Giffers'),
(837, 'Bösingen'),
(838, 'Heitenried'),
(839, 'Oberschrot'),
(840, 'Plaffeien'),
(841, 'Plasselb'),
(842, 'Rechthalten'),
(843, 'St. Antoni'),
(844, 'St. Silvester'),
(845, 'St. Ursen'),
(846, 'Schmitten (FR)'),
(847, 'Tafers'),
(848, 'Tentlingen'),
(849, 'Ueberstorf'),
(850, 'Wünnewil-Flamatt'),
(851, 'Zumholz'),
(852, 'Attalens'),
(853, 'Bossonnens'),
(854, 'Châtel-Saint-Denis'),
(855, 'Granges (Veveyse)'),
(856, 'Remaufens'),
(857, 'Saint-Martin (FR)'),
(858, 'Semsales'),
(859, 'Le Flon'),
(860, 'La Verrerie'),
(861, 'Egerkingen'),
(862, 'Härkingen'),
(863, 'Kestenholz'),
(864, 'Neuendorf'),
(865, 'Niederbuchsiten'),
(866, 'Oberbuchsiten'),
(867, 'Oensingen'),
(868, 'Wolfwil'),
(869, 'Aedermannsdorf'),
(870, 'Balsthal'),
(871, 'Gänsbrunnen'),
(872, 'Herbetswil'),
(873, 'Holderbank (SO)'),
(874, 'Laupersdorf'),
(875, 'Matzendorf'),
(876, 'Mümliswil-Ramiswil'),
(877, 'Welschenrohr'),
(878, 'Biezwil'),
(879, 'Lüterkofen-Ichertswil'),
(880, 'Lüterswil-Gächliwil'),
(881, 'Messen'),
(882, 'Schnottwil'),
(883, 'Unterramsern'),
(884, 'Lüsslingen-Nennigkofen'),
(885, 'Buchegg'),
(886, 'Bättwil'),
(887, 'Büren (SO)'),
(888, 'Dornach'),
(889, 'Gempen'),
(890, 'Hochwald'),
(891, 'Hofstetten-Flüh'),
(892, 'Metzerlen-Mariastein'),
(893, 'Nuglar-St. Pantaleon'),
(894, 'Rodersdorf'),
(895, 'Seewen'),
(896, 'Witterswil'),
(897, 'Hauenstein-Ifenthal'),
(898, 'Kienberg'),
(899, 'Lostorf'),
(900, 'Niedergösgen'),
(901, 'Obergösgen'),
(902, 'Rohr (SO)'),
(903, 'Stüsslingen'),
(904, 'Trimbach'),
(905, 'Winznau'),
(906, 'Wisen (SO)'),
(907, 'Erlinsbach (SO)'),
(908, 'Aeschi (SO)'),
(909, 'Biberist'),
(910, 'Bolken'),
(911, 'Deitingen'),
(912, 'Derendingen'),
(913, 'Etziken'),
(914, 'Gerlafingen'),
(915, 'Halten'),
(916, 'Horriwil'),
(917, 'Hüniken'),
(918, 'Kriegstetten'),
(919, 'Lohn-Ammannsegg'),
(920, 'Luterbach'),
(921, 'Obergerlafingen'),
(922, 'Oekingen'),
(923, 'Recherswil'),
(924, 'Subingen'),
(925, 'Zuchwil'),
(926, 'Drei Höfe'),
(927, 'Balm bei Günsberg'),
(928, 'Bellach'),
(929, 'Bettlach'),
(930, 'Feldbrunnen-St. Niklaus'),
(931, 'Flumenthal'),
(932, 'Grenchen'),
(933, 'Günsberg'),
(934, 'Hubersdorf'),
(935, 'Kammersrohr'),
(936, 'Langendorf'),
(937, 'Lommiswil'),
(938, 'Oberdorf (SO)'),
(939, 'Riedholz'),
(940, 'Rüttenen'),
(941, 'Selzach'),
(942, 'Boningen'),
(943, 'Däniken'),
(944, 'Dulliken'),
(945, 'Eppenberg-Wöschnau'),
(946, 'Fulenbach'),
(947, 'Gretzenbach'),
(948, 'Gunzgen'),
(949, 'Hägendorf'),
(950, 'Kappel (SO)'),
(951, 'Olten'),
(952, 'Rickenbach (SO)'),
(953, 'Schönenwerd'),
(954, 'Starrkirch-Wil'),
(955, 'Walterswil (SO)'),
(956, 'Wangen bei Olten'),
(957, 'Solothurn'),
(958, 'Bärschwil'),
(959, 'Beinwil (SO)'),
(960, 'Breitenbach'),
(961, 'Büsserach'),
(962, 'Erschwil'),
(963, 'Fehren'),
(964, 'Grindel'),
(965, 'Himmelried'),
(966, 'Kleinlützel'),
(967, 'Meltingen'),
(968, 'Nunningen'),
(969, 'Zullwil'),
(970, 'Basel'),
(971, 'Bettingen'),
(972, 'Riehen'),
(973, 'Aesch (BL)'),
(974, 'Allschwil'),
(975, 'Arlesheim'),
(976, 'Biel-Benken'),
(977, 'Binningen'),
(978, 'Birsfelden'),
(979, 'Bottmingen'),
(980, 'Ettingen'),
(981, 'Münchenstein'),
(982, 'Muttenz'),
(983, 'Oberwil (BL)'),
(984, 'Pfeffingen'),
(985, 'Reinach (BL)'),
(986, 'Schönenbuch'),
(987, 'Therwil'),
(988, 'Blauen'),
(989, 'Brislach'),
(990, 'Burg im Leimental'),
(991, 'Dittingen'),
(992, 'Duggingen'),
(993, 'Grellingen'),
(994, 'Laufen'),
(995, 'Liesberg'),
(996, 'Nenzlingen'),
(997, 'Roggenburg'),
(998, 'Röschenz'),
(999, 'Wahlen'),
(1000, 'Zwingen'),
(1001, 'Arisdorf'),
(1002, 'Augst'),
(1003, 'Bubendorf'),
(1004, 'Frenkendorf'),
(1005, 'Füllinsdorf'),
(1006, 'Giebenach'),
(1007, 'Hersberg'),
(1008, 'Lausen'),
(1009, 'Liestal'),
(1010, 'Lupsingen'),
(1011, 'Pratteln'),
(1012, 'Ramlinsburg'),
(1013, 'Seltisberg'),
(1014, 'Ziefen'),
(1015, 'Anwil'),
(1016, 'Böckten'),
(1017, 'Buckten'),
(1018, 'Buus'),
(1019, 'Diepflingen'),
(1020, 'Gelterkinden'),
(1021, 'Häfelfingen'),
(1022, 'Hemmiken'),
(1023, 'Itingen'),
(1024, 'Känerkinden'),
(1025, 'Kilchberg (BL)'),
(1026, 'Läufelfingen'),
(1027, 'Maisprach'),
(1028, 'Nusshof'),
(1029, 'Oltingen'),
(1030, 'Ormalingen'),
(1031, 'Rickenbach (BL)'),
(1032, 'Rothenfluh'),
(1033, 'Rümlingen'),
(1034, 'Rünenberg'),
(1035, 'Sissach'),
(1036, 'Tecknau'),
(1037, 'Tenniken'),
(1038, 'Thürnen'),
(1039, 'Wenslingen'),
(1040, 'Wintersingen'),
(1041, 'Wittinsburg'),
(1042, 'Zeglingen'),
(1043, 'Zunzgen'),
(1044, 'Arboldswil'),
(1045, 'Bennwil'),
(1046, 'Bretzwil'),
(1047, 'Diegten'),
(1048, 'Eptingen'),
(1049, 'Hölstein'),
(1050, 'Lampenberg'),
(1051, 'Langenbruck'),
(1052, 'Lauwil'),
(1053, 'Liedertswil'),
(1054, 'Niederdorf'),
(1055, 'Oberdorf (BL)'),
(1056, 'Reigoldswil'),
(1057, 'Titterten'),
(1058, 'Waldenburg'),
(1059, 'Gächlingen'),
(1060, 'Löhningen'),
(1061, 'Neunkirch'),
(1062, 'Büttenhardt'),
(1063, 'Dörflingen'),
(1064, 'Lohn (SH)'),
(1065, 'Stetten (SH)'),
(1066, 'Thayngen'),
(1067, 'Bargen (SH)'),
(1068, 'Beringen'),
(1069, 'Buchberg'),
(1070, 'Merishausen'),
(1071, 'Neuhausen am Rheinfall'),
(1072, 'Rüdlingen'),
(1073, 'Schaffhausen'),
(1074, 'Beggingen'),
(1075, 'Schleitheim'),
(1076, 'Siblingen'),
(1077, 'Buch (SH)'),
(1078, 'Hemishofen'),
(1079, 'Ramsen'),
(1080, 'Stein am Rhein'),
(1081, 'Hallau'),
(1082, 'Oberhallau'),
(1083, 'Trasadingen'),
(1084, 'Wilchingen'),
(1085, 'Herisau'),
(1086, 'Hundwil'),
(1087, 'Schönengrund'),
(1088, 'Schwellbrunn'),
(1089, 'Stein (AR)'),
(1090, 'Urnäsch'),
(1091, 'Waldstatt'),
(1092, 'Bühler'),
(1093, 'Gais'),
(1094, 'Speicher'),
(1095, 'Teufen (AR)'),
(1096, 'Trogen'),
(1097, 'Grub (AR)'),
(1098, 'Heiden'),
(1099, 'Lutzenberg'),
(1100, 'Rehetobel'),
(1101, 'Reute (AR)'),
(1102, 'Wald (AR)'),
(1103, 'Walzenhausen'),
(1104, 'Wolfhalden'),
(1105, 'Appenzell'),
(1106, 'Gonten'),
(1107, 'Rüte'),
(1108, 'Schlatt-Haslen'),
(1109, 'Schwende'),
(1110, 'Oberegg'),
(1111, 'Häggenschwil'),
(1112, 'Muolen'),
(1113, 'St. Gallen'),
(1114, 'Wittenbach'),
(1115, 'Berg (SG)'),
(1116, 'Eggersriet'),
(1117, 'Goldach'),
(1118, 'Mörschwil'),
(1119, 'Rorschach'),
(1120, 'Rorschacherberg'),
(1121, 'Steinach'),
(1122, 'Tübach'),
(1123, 'Untereggen'),
(1124, 'Au (SG)'),
(1125, 'Balgach'),
(1126, 'Berneck'),
(1127, 'Diepoldsau'),
(1128, 'Rheineck'),
(1129, 'St. Margrethen'),
(1130, 'Thal'),
(1131, 'Widnau'),
(1132, 'Altstätten'),
(1133, 'Eichberg'),
(1134, 'Marbach (SG)'),
(1135, 'Oberriet (SG)'),
(1136, 'Rebstein'),
(1137, 'Rüthi (SG)'),
(1138, 'Buchs (SG)'),
(1139, 'Gams'),
(1140, 'Grabs'),
(1141, 'Sennwald'),
(1142, 'Sevelen'),
(1143, 'Wartau'),
(1144, 'Bad Ragaz'),
(1145, 'Flums'),
(1146, 'Mels'),
(1147, 'Pfäfers'),
(1148, 'Quarten'),
(1149, 'Sargans'),
(1150, 'Vilters-Wangs'),
(1151, 'Walenstadt'),
(1152, 'Amden'),
(1153, 'Benken (SG)'),
(1154, 'Kaltbrunn'),
(1155, 'Schänis'),
(1156, 'Weesen'),
(1157, 'Schmerikon'),
(1158, 'Uznach'),
(1159, 'Rapperswil-Jona'),
(1160, 'Gommiswald'),
(1161, 'Eschenbach (SG)'),
(1162, 'Ebnat-Kappel'),
(1163, 'Wildhaus-Alt St. Johann'),
(1164, 'Nesslau'),
(1165, 'Hemberg'),
(1166, 'Lichtensteig'),
(1167, 'Oberhelfenschwil'),
(1168, 'Neckertal'),
(1169, 'Wattwil'),
(1170, 'Kirchberg (SG)'),
(1171, 'Lütisburg'),
(1172, 'Mosnang'),
(1173, 'Bütschwil-Ganterschwil'),
(1174, 'Degersheim'),
(1175, 'Flawil'),
(1176, 'Jonschwil'),
(1177, 'Oberuzwil'),
(1178, 'Uzwil'),
(1179, 'Niederbüren'),
(1180, 'Niederhelfenschwil'),
(1181, 'Oberbüren'),
(1182, 'Zuzwil (SG)'),
(1183, 'Wil (SG)'),
(1184, 'Andwil (SG)'),
(1185, 'Gaiserwald'),
(1186, 'Gossau (SG)'),
(1187, 'Waldkirch'),
(1188, 'Alvaschein'),
(1189, 'Mon'),
(1190, 'Mutten'),
(1191, 'Stierva'),
(1192, 'Tiefencastel'),
(1193, 'Vaz/Obervaz'),
(1194, 'Alvaneu'),
(1195, 'Brienz/Brinzauls'),
(1196, 'Lantsch/Lenz'),
(1197, 'Schmitten (GR)'),
(1198, 'Surava'),
(1199, 'Bergün/Bravuogn'),
(1200, 'Filisur'),
(1201, 'Bivio'),
(1202, 'Cunter'),
(1203, 'Marmorera'),
(1204, 'Mulegns'),
(1205, 'Riom-Parsonz'),
(1206, 'Salouf'),
(1207, 'Savognin'),
(1208, 'Sur'),
(1209, 'Tinizong-Rona'),
(1210, 'Brusio'),
(1211, 'Poschiavo'),
(1212, 'Falera'),
(1213, 'Laax'),
(1214, 'Sagogn'),
(1215, 'Schluein'),
(1216, 'St. Martin'),
(1217, 'Vals'),
(1218, 'Andiast'),
(1219, 'Obersaxen'),
(1220, 'Waltensburg/Vuorz'),
(1221, 'Mundaun'),
(1222, 'Lumnezia'),
(1223, 'Ilanz/Glion'),
(1224, 'Almens'),
(1225, 'Fürstenau'),
(1226, 'Paspels'),
(1227, 'Pratval'),
(1228, 'Rodels'),
(1229, 'Rothenbrunnen'),
(1230, 'Scharans'),
(1231, 'Sils im Domleschg'),
(1232, 'Cazis'),
(1233, 'Flerden'),
(1234, 'Masein'),
(1235, 'Thusis'),
(1236, 'Tschappina'),
(1237, 'Urmein'),
(1238, 'Tomils'),
(1239, 'Safiental'),
(1240, 'Avers'),
(1241, 'Hinterrhein'),
(1242, 'Nufenen'),
(1243, 'Splügen'),
(1244, 'Sufers'),
(1245, 'Andeer'),
(1246, 'Casti-Wergenstein'),
(1247, 'Donat'),
(1248, 'Lohn (GR)'),
(1249, 'Mathon'),
(1250, 'Rongellen'),
(1251, 'Zillis-Reischen'),
(1252, 'Ferrera'),
(1253, 'Bonaduz'),
(1254, 'Domat/Ems'),
(1255, 'Rhäzüns'),
(1256, 'Felsberg'),
(1257, 'Flims'),
(1258, 'Tamins'),
(1259, 'Trin'),
(1260, 'Ardez'),
(1261, 'Guarda'),
(1262, 'Lavin'),
(1263, 'Susch'),
(1264, 'Tarasp'),
(1265, 'Zernez'),
(1266, 'Samnaun'),
(1267, 'Ftan'),
(1268, 'Scuol'),
(1269, 'Sent'),
(1270, 'Valsot'),
(1271, 'Bever'),
(1272, 'Celerina/Schlarigna'),
(1273, 'Madulain'),
(1274, 'Pontresina'),
(1275, 'La Punt-Chamues-ch'),
(1276, 'Samedan'),
(1277, 'St. Moritz'),
(1278, 'S-chanf'),
(1279, 'Sils im Engadin/Segl'),
(1280, 'Silvaplana'),
(1281, 'Zuoz'),
(1282, 'Bregaglia'),
(1283, 'Arvigo'),
(1284, 'Braggio'),
(1285, 'Buseno'),
(1286, 'Castaneda'),
(1287, 'Cauco'),
(1288, 'Rossa'),
(1289, 'Santa Maria in Calanca'),
(1290, 'Selma'),
(1291, 'Lostallo'),
(1292, 'Mesocco'),
(1293, 'Soazza'),
(1294, 'Cama'),
(1295, 'Grono'),
(1296, 'Leggia'),
(1297, 'Roveredo (GR)'),
(1298, 'San Vittore'),
(1299, 'Verdabbio'),
(1300, 'Val Müstair'),
(1301, 'Davos'),
(1302, 'Fideris'),
(1303, 'Furna'),
(1304, 'Jenaz'),
(1305, 'Klosters-Serneus'),
(1306, 'Conters im Prättigau'),
(1307, 'Küblis'),
(1308, 'Saas'),
(1309, 'Luzein'),
(1310, 'St. Antönien'),
(1311, 'Chur'),
(1312, 'Churwalden'),
(1313, 'Arosa'),
(1314, 'Maladers'),
(1315, 'Tschiertschen-Praden'),
(1316, 'Haldenstein'),
(1317, 'Trimmis'),
(1318, 'Untervaz'),
(1319, 'Zizers'),
(1320, 'Fläsch'),
(1321, 'Jenins'),
(1322, 'Maienfeld'),
(1323, 'Malans'),
(1324, 'Landquart'),
(1325, 'Grüsch'),
(1326, 'Schiers'),
(1327, 'Seewis im Prättigau'),
(1328, 'Breil/Brigels'),
(1329, 'Disentis/Mustér'),
(1330, 'Medel (Lucmagn)'),
(1331, 'Sumvitg'),
(1332, 'Tujetsch'),
(1333, 'Trun'),
(1334, 'Aarau'),
(1335, 'Biberstein'),
(1336, 'Buchs (AG)'),
(1337, 'Densbüren'),
(1338, 'Erlinsbach (AG)'),
(1339, 'Gränichen'),
(1340, 'Hirschthal'),
(1341, 'Küttigen'),
(1342, 'Muhen'),
(1343, 'Oberentfelden'),
(1344, 'Suhr'),
(1345, 'Unterentfelden'),
(1346, 'Baden'),
(1347, 'Bellikon'),
(1348, 'Bergdietikon'),
(1349, 'Birmenstorf (AG)'),
(1350, 'Ennetbaden'),
(1351, 'Fislisbach'),
(1352, 'Freienwil'),
(1353, 'Gebenstorf'),
(1354, 'Killwangen'),
(1355, 'Künten'),
(1356, 'Mägenwil'),
(1357, 'Mellingen'),
(1358, 'Neuenhof'),
(1359, 'Niederrohrdorf'),
(1360, 'Oberrohrdorf'),
(1361, 'Obersiggenthal'),
(1362, 'Remetschwil'),
(1363, 'Spreitenbach'),
(1364, 'Stetten (AG)'),
(1365, 'Turgi'),
(1366, 'Untersiggenthal'),
(1367, 'Wettingen'),
(1368, 'Wohlenschwil'),
(1369, 'Würenlingen'),
(1370, 'Würenlos'),
(1371, 'Ehrendingen'),
(1372, 'Arni (AG)'),
(1373, 'Berikon'),
(1374, 'Bremgarten (AG)'),
(1375, 'Büttikon'),
(1376, 'Dottikon'),
(1377, 'Eggenwil'),
(1378, 'Fischbach-Göslikon'),
(1379, 'Hägglingen'),
(1380, 'Jonen'),
(1381, 'Niederwil (AG)'),
(1382, 'Oberlunkhofen'),
(1383, 'Oberwil-Lieli'),
(1384, 'Rudolfstetten-Friedlisberg'),
(1385, 'Sarmenstorf'),
(1386, 'Tägerig'),
(1387, 'Uezwil'),
(1388, 'Unterlunkhofen'),
(1389, 'Villmergen'),
(1390, 'Widen'),
(1391, 'Wohlen (AG)'),
(1392, 'Zufikon'),
(1393, 'Islisberg'),
(1394, 'Auenstein'),
(1395, 'Birr'),
(1396, 'Birrhard'),
(1397, 'Bözen'),
(1398, 'Brugg'),
(1399, 'Effingen'),
(1400, 'Elfingen'),
(1401, 'Habsburg'),
(1402, 'Hausen (AG)'),
(1403, 'Lupfig'),
(1404, 'Mandach'),
(1405, 'Mönthal'),
(1406, 'Mülligen'),
(1407, 'Remigen'),
(1408, 'Riniken'),
(1409, 'Rüfenach'),
(1410, 'Scherz'),
(1411, 'Schinznach-Bad'),
(1412, 'Thalheim (AG)'),
(1413, 'Veltheim (AG)'),
(1414, 'Villigen'),
(1415, 'Villnachern'),
(1416, 'Windisch'),
(1417, 'Bözberg'),
(1418, 'Schinznach'),
(1419, 'Beinwil am See'),
(1420, 'Birrwil'),
(1421, 'Burg (AG)'),
(1422, 'Dürrenäsch'),
(1423, 'Gontenschwil'),
(1424, 'Holziken'),
(1425, 'Leimbach (AG)'),
(1426, 'Leutwil'),
(1427, 'Menziken'),
(1428, 'Oberkulm'),
(1429, 'Reinach (AG)'),
(1430, 'Schlossrued'),
(1431, 'Schmiedrued'),
(1432, 'Schöftland'),
(1433, 'Teufenthal (AG)'),
(1434, 'Unterkulm'),
(1435, 'Zetzwil'),
(1436, 'Eiken'),
(1437, 'Frick'),
(1438, 'Gansingen'),
(1439, 'Gipf-Oberfrick'),
(1440, 'Herznach'),
(1441, 'Hornussen'),
(1442, 'Kaisten'),
(1443, 'Laufenburg'),
(1444, 'Münchwilen (AG)'),
(1445, 'Oberhof'),
(1446, 'Oeschgen'),
(1447, 'Schwaderloch'),
(1448, 'Sisseln'),
(1449, 'Ueken'),
(1450, 'Wittnau'),
(1451, 'Wölflinswil'),
(1452, 'Zeihen'),
(1453, 'Mettauertal'),
(1454, 'Ammerswil'),
(1455, 'Boniswil'),
(1456, 'Brunegg'),
(1457, 'Dintikon'),
(1458, 'Egliswil'),
(1459, 'Fahrwangen'),
(1460, 'Hallwil'),
(1461, 'Hendschiken'),
(1462, 'Holderbank (AG)'),
(1463, 'Hunzenschwil'),
(1464, 'Lenzburg'),
(1465, 'Meisterschwanden'),
(1466, 'Möriken-Wildegg'),
(1467, 'Niederlenz'),
(1468, 'Othmarsingen'),
(1469, 'Rupperswil'),
(1470, 'Schafisheim'),
(1471, 'Seengen'),
(1472, 'Seon'),
(1473, 'Staufen'),
(1474, 'Abtwil'),
(1475, 'Aristau'),
(1476, 'Auw'),
(1477, 'Beinwil (Freiamt)'),
(1478, 'Besenbüren'),
(1479, 'Bettwil'),
(1480, 'Boswil'),
(1481, 'Bünzen'),
(1482, 'Buttwil'),
(1483, 'Dietwil'),
(1484, 'Geltwil'),
(1485, 'Kallern'),
(1486, 'Merenschwand'),
(1487, 'Mühlau'),
(1488, 'Muri (AG)'),
(1489, 'Oberrüti'),
(1490, 'Rottenschwil'),
(1491, 'Sins'),
(1492, 'Waltenschwil'),
(1493, 'Hellikon'),
(1494, 'Kaiseraugst'),
(1495, 'Magden'),
(1496, 'Möhlin'),
(1497, 'Mumpf'),
(1498, 'Obermumpf'),
(1499, 'Olsberg'),
(1500, 'Rheinfelden'),
(1501, 'Schupfart'),
(1502, 'Stein (AG)'),
(1503, 'Wallbach'),
(1504, 'Wegenstetten'),
(1505, 'Zeiningen'),
(1506, 'Zuzgen'),
(1507, 'Aarburg'),
(1508, 'Attelwil'),
(1509, 'Bottenwil'),
(1510, 'Brittnau'),
(1511, 'Kirchleerau'),
(1512, 'Kölliken'),
(1513, 'Moosleerau'),
(1514, 'Murgenthal'),
(1515, 'Oftringen'),
(1516, 'Reitnau'),
(1517, 'Rothrist'),
(1518, 'Safenwil'),
(1519, 'Staffelbach'),
(1520, 'Strengelbach'),
(1521, 'Uerkheim'),
(1522, 'Vordemwald'),
(1523, 'Wiliberg'),
(1524, 'Zofingen'),
(1525, 'Baldingen'),
(1526, 'Böbikon'),
(1527, 'Böttstein'),
(1528, 'Döttingen'),
(1529, 'Endingen'),
(1530, 'Fisibach'),
(1531, 'Full-Reuenthal'),
(1532, 'Kaiserstuhl'),
(1533, 'Klingnau'),
(1534, 'Koblenz'),
(1535, 'Leibstadt'),
(1536, 'Lengnau (AG)'),
(1537, 'Leuggern'),
(1538, 'Mellikon'),
(1539, 'Rekingen (AG)'),
(1540, 'Rietheim'),
(1541, 'Rümikon'),
(1542, 'Schneisingen'),
(1543, 'Siglistorf'),
(1544, 'Tegerfelden'),
(1545, 'Wislikofen'),
(1546, 'Bad Zurzach'),
(1547, 'Arbon'),
(1548, 'Dozwil'),
(1549, 'Egnach'),
(1550, 'Hefenhofen'),
(1551, 'Horn'),
(1552, 'Kesswil'),
(1553, 'Roggwil (TG)'),
(1554, 'Romanshorn'),
(1555, 'Salmsach'),
(1556, 'Sommeri'),
(1557, 'Uttwil'),
(1558, 'Amriswil'),
(1559, 'Bischofszell'),
(1560, 'Erlen'),
(1561, 'Hauptwil-Gottshaus'),
(1562, 'Hohentannen'),
(1563, 'Kradolf-Schönenberg'),
(1564, 'Sulgen'),
(1565, 'Zihlschlacht-Sitterdorf'),
(1566, 'Basadingen-Schlattingen'),
(1567, 'Diessenhofen'),
(1568, 'Schlatt (TG)'),
(1569, 'Aadorf'),
(1570, 'Felben-Wellhausen'),
(1571, 'Frauenfeld'),
(1572, 'Gachnang'),
(1573, 'Hüttlingen'),
(1574, 'Matzingen'),
(1575, 'Neunforn'),
(1576, 'Stettfurt'),
(1577, 'Thundorf'),
(1578, 'Uesslingen-Buch'),
(1579, 'Warth-Weiningen'),
(1580, 'Altnau'),
(1581, 'Bottighofen'),
(1582, 'Ermatingen'),
(1583, 'Gottlieben'),
(1584, 'Güttingen'),
(1585, 'Kemmental'),
(1586, 'Kreuzlingen'),
(1587, 'Langrickenbach'),
(1588, 'Lengwil'),
(1589, 'Münsterlingen'),
(1590, 'Tägerwilen'),
(1591, 'Wäldi'),
(1592, 'Affeltrangen'),
(1593, 'Bettwiesen'),
(1594, 'Bichelsee-Balterswil'),
(1595, 'Braunau'),
(1596, 'Eschlikon'),
(1597, 'Fischingen'),
(1598, 'Lommis'),
(1599, 'Münchwilen (TG)'),
(1600, 'Rickenbach (TG)'),
(1601, 'Schönholzerswilen'),
(1602, 'Sirnach'),
(1603, 'Tobel-Tägerschen'),
(1604, 'Wängi'),
(1605, 'Wilen (TG)'),
(1606, 'Wuppenau'),
(1607, 'Berlingen'),
(1608, 'Eschenz'),
(1609, 'Herdern'),
(1610, 'Homburg'),
(1611, 'Hüttwilen'),
(1612, 'Mammern'),
(1613, 'Müllheim'),
(1614, 'Pfyn'),
(1615, 'Raperswilen'),
(1616, 'Salenstein'),
(1617, 'Steckborn'),
(1618, 'Wagenhausen'),
(1619, 'Amlikon-Bissegg'),
(1620, 'Berg (TG)'),
(1621, 'Birwinken'),
(1622, 'Bürglen (TG)'),
(1623, 'Bussnang'),
(1624, 'Märstetten'),
(1625, 'Weinfelden'),
(1626, 'Wigoltingen'),
(1627, 'Arbedo-Castione'),
(1628, 'Bellinzona'),
(1629, 'Cadenazzo'),
(1630, 'Camorino'),
(1631, 'Giubiasco'),
(1632, 'Gnosca'),
(1633, 'Gorduno'),
(1634, 'Gudo'),
(1635, 'Isone'),
(1636, 'Lumino'),
(1637, 'Moleno'),
(1638, 'Monte Carasso'),
(1639, 'Pianezzo'),
(1640, 'Preonzo'),
(1641, 'Sant''Antonino'),
(1642, 'Sant''Antonio'),
(1643, 'Sementina'),
(1644, 'Acquarossa'),
(1645, 'Blenio'),
(1646, 'Serravalle'),
(1647, 'Airolo'),
(1648, 'Bedretto'),
(1649, 'Bodio'),
(1650, 'Dalpe'),
(1651, 'Faido'),
(1652, 'Giornico'),
(1653, 'Personico'),
(1654, 'Pollegio'),
(1655, 'Prato (Leventina)'),
(1656, 'Quinto'),
(1657, 'Sobrio'),
(1658, 'Ascona'),
(1659, 'Brione (Verzasca)'),
(1660, 'Brione sopra Minusio'),
(1661, 'Brissago'),
(1662, 'Corippo'),
(1663, 'Frasco'),
(1664, 'Gordola'),
(1665, 'Gresso'),
(1666, 'Lavertezzo'),
(1667, 'Locarno'),
(1668, 'Losone'),
(1669, 'Mergoscia'),
(1670, 'Minusio'),
(1671, 'Mosogno'),
(1672, 'Muralto'),
(1673, 'Orselina'),
(1674, 'Ronco sopra Ascona'),
(1675, 'Sonogno'),
(1676, 'Tenero-Contra'),
(1677, 'Vergeletto'),
(1678, 'Vogorno'),
(1679, 'Onsernone'),
(1680, 'Isorno'),
(1681, 'Cugnasco-Gerra'),
(1682, 'Agno'),
(1683, 'Aranno'),
(1684, 'Arogno'),
(1685, 'Astano'),
(1686, 'Bedano'),
(1687, 'Bedigliora'),
(1688, 'Bioggio'),
(1689, 'Bissone'),
(1690, 'Brusino Arsizio'),
(1691, 'Cademario'),
(1692, 'Cadempino'),
(1693, 'Canobbio'),
(1694, 'Caslano'),
(1695, 'Comano'),
(1696, 'Croglio'),
(1697, 'Cureglia'),
(1698, 'Curio'),
(1699, 'Grancia'),
(1700, 'Gravesano'),
(1701, 'Lamone'),
(1702, 'Lugano'),
(1703, 'Magliaso'),
(1704, 'Manno'),
(1705, 'Maroggia'),
(1706, 'Massagno'),
(1707, 'Melano'),
(1708, 'Melide'),
(1709, 'Mezzovico-Vira'),
(1710, 'Miglieglia'),
(1711, 'Monteggio'),
(1712, 'Morcote'),
(1713, 'Muzzano'),
(1714, 'Neggio'),
(1715, 'Novaggio'),
(1716, 'Origlio'),
(1717, 'Paradiso'),
(1718, 'Ponte Capriasca'),
(1719, 'Ponte Tresa'),
(1720, 'Porza'),
(1721, 'Pura'),
(1722, 'Rovio'),
(1723, 'Savosa'),
(1724, 'Sessa'),
(1725, 'Sorengo'),
(1726, 'Capriasca'),
(1727, 'Torricella-Taverne'),
(1728, 'Vernate'),
(1729, 'Vezia'),
(1730, 'Vico Morcote'),
(1731, 'Collina d''Oro'),
(1732, 'Alto Malcantone'),
(1733, 'Monteceneri'),
(1734, 'Balerna'),
(1735, 'Castel San Pietro'),
(1736, 'Chiasso'),
(1737, 'Coldrerio'),
(1738, 'Mendrisio'),
(1739, 'Morbio Inferiore'),
(1740, 'Novazzano'),
(1741, 'Riva San Vitale'),
(1742, 'Stabio'),
(1743, 'Vacallo'),
(1744, 'Breggia'),
(1745, 'Biasca'),
(1746, 'Claro'),
(1747, 'Cresciano'),
(1748, 'Iragna'),
(1749, 'Lodrino'),
(1750, 'Osogna'),
(1751, 'Bosco/Gurin'),
(1752, 'Campo (Vallemaggia)'),
(1753, 'Cerentino'),
(1754, 'Cevio'),
(1755, 'Linescio'),
(1756, 'Maggia'),
(1757, 'Lavizzara'),
(1758, 'Avegno Gordevio'),
(1759, 'Terre di Pedemonte'),
(1760, 'Centovalli'),
(1761, 'Gambarogno'),
(1762, 'Aigle'),
(1763, 'Bex'),
(1764, 'Chessel'),
(1765, 'Corbeyrier'),
(1766, 'Gryon'),
(1767, 'Lavey-Morcles'),
(1768, 'Leysin'),
(1769, 'Noville'),
(1770, 'Ollon'),
(1771, 'Ormont-Dessous'),
(1772, 'Ormont-Dessus'),
(1773, 'Rennaz'),
(1774, 'Roche (VD)'),
(1775, 'Villeneuve (VD)'),
(1776, 'Yvorne'),
(1777, 'Apples'),
(1778, 'Aubonne'),
(1779, 'Ballens'),
(1780, 'Berolle'),
(1781, 'Bière'),
(1782, 'Bougy-Villars'),
(1783, 'Féchy'),
(1784, 'Gimel'),
(1785, 'Longirod'),
(1786, 'Marchissy'),
(1787, 'Mollens (VD)'),
(1788, 'Montherod'),
(1789, 'Saint-George'),
(1790, 'Saint-Livres'),
(1791, 'Saint-Oyens'),
(1792, 'Saubraz'),
(1793, 'Avenches'),
(1794, 'Cudrefin'),
(1795, 'Faoug'),
(1796, 'Vully-les-Lacs'),
(1797, 'Bettens'),
(1798, 'Bournens'),
(1799, 'Boussens'),
(1800, 'La Chaux (Cossonay)'),
(1801, 'Chavannes-le-Veyron'),
(1802, 'Chevilly'),
(1803, 'Cossonay'),
(1804, 'Cottens (VD)'),
(1805, 'Cuarnens'),
(1806, 'Daillens'),
(1807, 'Dizy'),
(1808, 'Eclépens'),
(1809, 'Ferreyres'),
(1810, 'Gollion'),
(1811, 'Grancy'),
(1812, 'L''Isle'),
(1813, 'Lussery-Villars'),
(1814, 'Mauraz'),
(1815, 'Mex (VD)'),
(1816, 'Moiry'),
(1817, 'Mont-la-Ville'),
(1818, 'Montricher'),
(1819, 'Orny'),
(1820, 'Pampigny'),
(1821, 'Penthalaz'),
(1822, 'Penthaz'),
(1823, 'Pompaples'),
(1824, 'La Sarraz'),
(1825, 'Senarclens'),
(1826, 'Sévery'),
(1827, 'Sullens'),
(1828, 'Vufflens-la-Ville'),
(1829, 'Assens'),
(1830, 'Bercher'),
(1831, 'Bioley-Orjulaz'),
(1832, 'Bottens'),
(1833, 'Bretigny-sur-Morrens'),
(1834, 'Cugy (VD)'),
(1835, 'Echallens'),
(1836, 'Essertines-sur-Yverdon'),
(1837, 'Etagnières'),
(1838, 'Fey'),
(1839, 'Froideville'),
(1840, 'Morrens (VD)'),
(1841, 'Oulens-sous-Echallens'),
(1842, 'Pailly'),
(1843, 'Penthéréaz'),
(1844, 'Poliez-Pittet'),
(1845, 'Rueyres'),
(1846, 'Saint-Barthélemy (VD)'),
(1847, 'Villars-le-Terroir'),
(1848, 'Vuarrens'),
(1849, 'Montilliez'),
(1850, 'Goumoëns'),
(1851, 'Bonvillars'),
(1852, 'Bullet'),
(1853, 'Champagne'),
(1854, 'Concise'),
(1855, 'Corcelles-près-Concise'),
(1856, 'Fiez'),
(1857, 'Fontaines-sur-Grandson'),
(1858, 'Giez'),
(1859, 'Grandevent'),
(1860, 'Grandson'),
(1861, 'Mauborget'),
(1862, 'Mutrux'),
(1863, 'Novalles'),
(1864, 'Onnens (VD)'),
(1865, 'Provence'),
(1866, 'Sainte-Croix'),
(1867, 'Tévenon'),
(1868, 'Belmont-sur-Lausanne'),
(1869, 'Cheseaux-sur-Lausanne'),
(1870, 'Crissier'),
(1871, 'Epalinges'),
(1872, 'Jouxtens-Mézery'),
(1873, 'Lausanne'),
(1874, 'Le Mont-sur-Lausanne'),
(1875, 'Paudex'),
(1876, 'Prilly'),
(1877, 'Pully'),
(1878, 'Renens (VD)'),
(1879, 'Romanel-sur-Lausanne'),
(1880, 'Chexbres'),
(1881, 'Forel (Lavaux)'),
(1882, 'Lutry'),
(1883, 'Puidoux'),
(1884, 'Rivaz'),
(1885, 'Saint-Saphorin (Lavaux)'),
(1886, 'Savigny'),
(1887, 'Bourg-en-Lavaux'),
(1888, 'Aclens'),
(1889, 'Bremblens'),
(1890, 'Buchillon'),
(1891, 'Bussigny-près-Lausanne'),
(1892, 'Bussy-Chardonney'),
(1893, 'Chavannes-près-Renens'),
(1894, 'Chigny'),
(1895, 'Clarmont'),
(1896, 'Denens'),
(1897, 'Denges'),
(1898, 'Echandens'),
(1899, 'Echichens'),
(1900, 'Ecublens (VD)'),
(1901, 'Etoy'),
(1902, 'Lavigny'),
(1903, 'Lonay'),
(1904, 'Lully (VD)'),
(1905, 'Lussy-sur-Morges'),
(1906, 'Morges'),
(1907, 'Préverenges'),
(1908, 'Reverolle'),
(1909, 'Romanel-sur-Morges'),
(1910, 'Saint-Prex'),
(1911, 'Saint-Sulpice (VD)'),
(1912, 'Tolochenaz'),
(1913, 'Vaux-sur-Morges'),
(1914, 'Villars-Sainte-Croix'),
(1915, 'Villars-sous-Yens'),
(1916, 'Vufflens-le-Château'),
(1917, 'Vullierens'),
(1918, 'Yens'),
(1919, 'Boulens'),
(1920, 'Brenles'),
(1921, 'Bussy-sur-Moudon'),
(1922, 'Chavannes-sur-Moudon'),
(1923, 'Chesalles-sur-Moudon'),
(1924, 'Cremin'),
(1925, 'Curtilles'),
(1926, 'Dompierre (VD)'),
(1927, 'Forel-sur-Lucens'),
(1928, 'Hermenches'),
(1929, 'Lovatens'),
(1930, 'Lucens'),
(1931, 'Moudon'),
(1932, 'Ogens'),
(1933, 'Prévonloup'),
(1934, 'Rossenges'),
(1935, 'Sarzens'),
(1936, 'Syens'),
(1937, 'Villars-le-Comte'),
(1938, 'Vucherens'),
(1939, 'Montanaire'),
(1940, 'Arnex-sur-Nyon'),
(1941, 'Arzier'),
(1942, 'Bassins'),
(1943, 'Begnins'),
(1944, 'Bogis-Bossey'),
(1945, 'Borex'),
(1946, 'Chavannes-de-Bogis'),
(1947, 'Chavannes-des-Bois'),
(1948, 'Chéserex'),
(1949, 'Coinsins'),
(1950, 'Commugny'),
(1951, 'Coppet'),
(1952, 'Crans-près-Céligny'),
(1953, 'Crassier'),
(1954, 'Duillier'),
(1955, 'Eysins'),
(1956, 'Founex'),
(1957, 'Genolier'),
(1958, 'Gingins'),
(1959, 'Givrins'),
(1960, 'Gland'),
(1961, 'Grens'),
(1962, 'Mies'),
(1963, 'Nyon'),
(1964, 'Prangins'),
(1965, 'La Rippe'),
(1966, 'Saint-Cergue'),
(1967, 'Signy-Avenex'),
(1968, 'Tannay'),
(1969, 'Trélex'),
(1970, 'Le Vaud'),
(1971, 'Vich'),
(1972, 'L''Abergement'),
(1973, 'Agiez'),
(1974, 'Arnex-sur-Orbe'),
(1975, 'Ballaigues'),
(1976, 'Baulmes'),
(1977, 'Bavois'),
(1978, 'Bofflens'),
(1979, 'Bretonnières'),
(1980, 'Chavornay'),
(1981, 'Les Clées'),
(1982, 'Corcelles-sur-Chavornay'),
(1983, 'Croy'),
(1984, 'Juriens'),
(1985, 'Lignerolle'),
(1986, 'Montcherand'),
(1987, 'Orbe'),
(1988, 'La Praz'),
(1989, 'Premier'),
(1990, 'Rances'),
(1991, 'Romainmôtier-Envy'),
(1992, 'Sergey'),
(1993, 'Valeyres-sous-Rances'),
(1994, 'Vallorbe'),
(1995, 'Vaulion'),
(1996, 'Vuiteboeuf'),
(1997, 'Carrouge (VD)'),
(1998, 'Corcelles-le-Jorat'),
(1999, 'Essertes'),
(2000, 'Ferlens (VD)'),
(2001, 'Maracon'),
(2002, 'Mézières (VD)'),
(2003, 'Montpreveyres'),
(2004, 'Ropraz'),
(2005, 'Servion'),
(2006, 'Vulliens'),
(2007, 'Jorat-Menthue'),
(2008, 'Oron'),
(2009, 'Champtauroz'),
(2010, 'Chevroux'),
(2011, 'Corcelles-près-Payerne'),
(2012, 'Grandcour'),
(2013, 'Henniez'),
(2014, 'Missy'),
(2015, 'Payerne'),
(2016, 'Trey'),
(2017, 'Treytorrens (Payerne)'),
(2018, 'Villarzel'),
(2019, 'Valbroye'),
(2020, 'Château-d''Oex'),
(2021, 'Rossinière'),
(2022, 'Rougemont'),
(2023, 'Allaman'),
(2024, 'Bursinel'),
(2025, 'Bursins'),
(2026, 'Burtigny'),
(2027, 'Dully'),
(2028, 'Essertines-sur-Rolle'),
(2029, 'Gilly'),
(2030, 'Luins'),
(2031, 'Mont-sur-Rolle'),
(2032, 'Perroy'),
(2033, 'Rolle'),
(2034, 'Tartegnin'),
(2035, 'Vinzel'),
(2036, 'L''Abbaye'),
(2037, 'Le Chenit'),
(2038, 'Le Lieu'),
(2039, 'Blonay'),
(2040, 'Chardonne'),
(2041, 'Corseaux'),
(2042, 'Corsier-sur-Vevey'),
(2043, 'Jongny'),
(2044, 'Montreux'),
(2045, 'Saint-Légier-La Chiésaz'),
(2046, 'La Tour-de-Peilz'),
(2047, 'Vevey'),
(2048, 'Veytaux'),
(2049, 'Belmont-sur-Yverdon'),
(2050, 'Bioley-Magnoux'),
(2051, 'Chamblon'),
(2052, 'Champvent'),
(2053, 'Chavannes-le-Chêne'),
(2054, 'Chêne-Pâquier'),
(2055, 'Cheseaux-Noréaz'),
(2056, 'Cronay'),
(2057, 'Cuarny'),
(2058, 'Démoret'),
(2059, 'Donneloye'),
(2060, 'Ependes (VD)'),
(2061, 'Essert-Pittet'),
(2062, 'Mathod'),
(2063, 'Molondin'),
(2064, 'Montagny-près-Yverdon'),
(2065, 'Oppens'),
(2066, 'Orges'),
(2067, 'Orzens'),
(2068, 'Pomy'),
(2069, 'Rovray'),
(2070, 'Suchy'),
(2071, 'Suscévaz'),
(2072, 'Treycovagnes'),
(2073, 'Ursins'),
(2074, 'Valeyres-sous-Montagny'),
(2075, 'Valeyres-sous-Ursins'),
(2076, 'Villars-Epeney'),
(2077, 'Vugelles-La Mothe'),
(2078, 'Yverdon-les-Bains'),
(2079, 'Yvonand'),
(2080, 'Brig-Glis'),
(2081, 'Eggerberg'),
(2082, 'Naters'),
(2083, 'Ried-Brig'),
(2084, 'Simplon'),
(2085, 'Termen'),
(2086, 'Zwischbergen'),
(2087, 'Ardon'),
(2088, 'Chamoson'),
(2089, 'Conthey'),
(2090, 'Nendaz'),
(2091, 'Vétroz'),
(2092, 'Bagnes'),
(2093, 'Bourg-Saint-Pierre'),
(2094, 'Liddes'),
(2095, 'Orsières'),
(2096, 'Sembrancher'),
(2097, 'Vollèges'),
(2098, 'Bellwald'),
(2099, 'Binn'),
(2100, 'Blitzingen'),
(2101, 'Ernen'),
(2102, 'Fiesch'),
(2103, 'Fieschertal'),
(2104, 'Lax'),
(2105, 'Niederwald'),
(2106, 'Grafschaft'),
(2107, 'Münster-Geschinen'),
(2108, 'Reckingen-Gluringen'),
(2109, 'Obergoms'),
(2110, 'Les Agettes'),
(2111, 'Ayent'),
(2112, 'Evolène'),
(2113, 'Hérémence'),
(2114, 'Saint-Martin (VS)'),
(2115, 'Vex'),
(2116, 'Mont-Noble'),
(2117, 'Agarn'),
(2118, 'Albinen'),
(2119, 'Ergisch'),
(2120, 'Inden'),
(2121, 'Leuk'),
(2122, 'Leukerbad'),
(2123, 'Oberems'),
(2124, 'Salgesch'),
(2125, 'Varen'),
(2126, 'Guttet-Feschel'),
(2127, 'Gampel-Bratsch'),
(2128, 'Turtmann-Unterems'),
(2129, 'Bovernier'),
(2130, 'Charrat'),
(2131, 'Fully'),
(2132, 'Isérables'),
(2133, 'Leytron'),
(2134, 'Martigny'),
(2135, 'Martigny-Combe'),
(2136, 'Riddes'),
(2137, 'Saillon'),
(2138, 'Saxon'),
(2139, 'Trient'),
(2140, 'Champéry'),
(2141, 'Collombey-Muraz'),
(2142, 'Monthey'),
(2143, 'Port-Valais'),
(2144, 'Saint-Gingolph'),
(2145, 'Troistorrents'),
(2146, 'Val-d''Illiez'),
(2147, 'Vionnaz'),
(2148, 'Vouvry'),
(2149, 'Bister'),
(2150, 'Bitsch'),
(2151, 'Grengiols'),
(2152, 'Riederalp'),
(2153, 'Ausserberg'),
(2154, 'Blatten'),
(2155, 'Bürchen'),
(2156, 'Eischoll'),
(2157, 'Ferden'),
(2158, 'Kippel'),
(2159, 'Niedergesteln'),
(2160, 'Raron'),
(2161, 'Unterbäch'),
(2162, 'Wiler (Lötschen)'),
(2163, 'Mörel-Filet'),
(2164, 'Steg-Hohtenn'),
(2165, 'Bettmeralp'),
(2166, 'Collonges'),
(2167, 'Dorénaz'),
(2168, 'Evionnaz'),
(2169, 'Finhaut'),
(2170, 'Massongex'),
(2171, 'Saint-Maurice'),
(2172, 'Salvan'),
(2173, 'Vernayaz'),
(2174, 'Vérossaz'),
(2175, 'Chalais'),
(2176, 'Chermignon'),
(2177, 'Chippis'),
(2178, 'Grône'),
(2179, 'Icogne'),
(2180, 'Lens'),
(2181, 'Miège'),
(2182, 'Mollens (VS)'),
(2183, 'Montana'),
(2184, 'Randogne'),
(2185, 'Saint-Léonard'),
(2186, 'Sierre'),
(2187, 'Venthône'),
(2188, 'Veyras'),
(2189, 'Anniviers'),
(2190, 'Arbaz'),
(2191, 'Grimisuat'),
(2192, 'Savièse'),
(2193, 'Sion'),
(2194, 'Veysonnaz'),
(2195, 'Baltschieder'),
(2196, 'Eisten'),
(2197, 'Embd'),
(2198, 'Grächen'),
(2199, 'Lalden'),
(2200, 'Randa'),
(2201, 'Saas-Almagell'),
(2202, 'Saas-Balen'),
(2203, 'Saas-Fee'),
(2204, 'Saas-Grund'),
(2205, 'St. Niklaus'),
(2206, 'Stalden (VS)'),
(2207, 'Staldenried'),
(2208, 'Täsch'),
(2209, 'Törbel'),
(2210, 'Visp'),
(2211, 'Visperterminen'),
(2212, 'Zeneggen'),
(2213, 'Zermatt'),
(2214, 'Bevaix'),
(2215, 'Boudry'),
(2216, 'Brot-Dessous'),
(2217, 'Corcelles-Cormondrèche'),
(2218, 'Cortaillod'),
(2219, 'Fresens'),
(2220, 'Gorgier'),
(2221, 'Montalchez'),
(2222, 'Peseux'),
(2223, 'Rochefort'),
(2224, 'Saint-Aubin-Sauges'),
(2225, 'Vaumarcus'),
(2226, 'Milvignes'),
(2227, 'La Chaux-de-Fonds'),
(2228, 'Les Planchettes'),
(2229, 'La Sagne'),
(2230, 'Les Brenets'),
(2231, 'La Brévine'),
(2232, 'Brot-Plamboz'),
(2233, 'Le Cerneux-Péquignot'),
(2234, 'La Chaux-du-Milieu'),
(2235, 'Le Locle'),
(2236, 'Les Ponts-de-Martel'),
(2237, 'Cornaux'),
(2238, 'Cressier (NE)'),
(2239, 'Enges'),
(2240, 'Hauterive (NE)'),
(2241, 'Le Landeron'),
(2242, 'Lignières'),
(2243, 'Neuchâtel'),
(2244, 'Saint-Blaise'),
(2245, 'La Tène'),
(2246, 'Valangin'),
(2247, 'Val-de-Ruz'),
(2248, 'La Côte-aux-Fées'),
(2249, 'Les Verrières'),
(2250, 'Val-de-Travers'),
(2251, 'Aire-la-Ville'),
(2252, 'Anières'),
(2253, 'Avully'),
(2254, 'Avusy'),
(2255, 'Bardonnex'),
(2256, 'Bellevue'),
(2257, 'Bernex'),
(2258, 'Carouge (GE)'),
(2259, 'Cartigny'),
(2260, 'Céligny'),
(2261, 'Chancy'),
(2262, 'Chêne-Bougeries'),
(2263, 'Chêne-Bourg'),
(2264, 'Choulex'),
(2265, 'Collex-Bossy'),
(2266, 'Collonge-Bellerive'),
(2267, 'Cologny'),
(2268, 'Confignon'),
(2269, 'Corsier (GE)'),
(2270, 'Dardagny'),
(2271, 'Genève'),
(2272, 'Genthod'),
(2273, 'Le Grand-Saconnex'),
(2274, 'Gy'),
(2275, 'Hermance'),
(2276, 'Jussy'),
(2277, 'Laconnex'),
(2278, 'Lancy'),
(2279, 'Meinier'),
(2280, 'Meyrin'),
(2281, 'Onex'),
(2282, 'Perly-Certoux'),
(2283, 'Plan-les-Ouates'),
(2284, 'Pregny-Chambésy'),
(2285, 'Presinge'),
(2286, 'Puplinge'),
(2287, 'Russin'),
(2288, 'Satigny'),
(2289, 'Soral'),
(2290, 'Thônex'),
(2291, 'Troinex'),
(2292, 'Vandoeuvres'),
(2293, 'Vernier'),
(2294, 'Versoix'),
(2295, 'Veyrier'),
(2296, 'Boécourt'),
(2297, 'Bourrignon'),
(2298, 'Châtillon (JU)'),
(2299, 'Corban'),
(2300, 'Courchapoix'),
(2301, 'Courrendlin'),
(2302, 'Courroux'),
(2303, 'Courtételle'),
(2304, 'Delémont'),
(2305, 'Develier'),
(2306, 'Ederswiler'),
(2307, 'Mervelier'),
(2308, 'Mettembert'),
(2309, 'Movelier'),
(2310, 'Pleigne'),
(2311, 'Rebeuvelier'),
(2312, 'Rossemaison'),
(2313, 'Saulcy'),
(2314, 'Soyhières'),
(2315, 'Vellerat'),
(2316, 'Haute-Sorne'),
(2317, 'Val Terbi'),
(2318, 'Le Bémont (JU)'),
(2319, 'Les Bois'),
(2320, 'Les Breuleux'),
(2321, 'La Chaux-des-Breuleux'),
(2322, 'Les Enfers'),
(2323, 'Les Genevez (JU)'),
(2324, 'Lajoux (JU)'),
(2325, 'Montfaucon'),
(2326, 'Muriaux'),
(2327, 'Le Noirmont'),
(2328, 'Saignelégier'),
(2329, 'Saint-Brais'),
(2330, 'Soubey'),
(2331, 'Alle'),
(2332, 'Beurnevésin'),
(2333, 'Boncourt'),
(2334, 'Bonfol'),
(2335, 'Bure'),
(2336, 'Coeuve'),
(2337, 'Cornol'),
(2338, 'Courchavon'),
(2339, 'Courgenay'),
(2340, 'Courtedoux'),
(2341, 'Damphreux'),
(2342, 'Fahy'),
(2343, 'Fontenais'),
(2344, 'Grandfontaine'),
(2345, 'Lugnez'),
(2346, 'Porrentruy'),
(2347, 'Rocourt'),
(2348, 'Vendlincourt'),
(2349, 'Basse-Allaine'),
(2350, 'Clos du Doubs'),
(2351, 'Haute-Ajoie'),
(2352, 'La Baroche');

--
-- Contenu de la table `users`
--

INSERT INTO `users` (`id`, `cpnvId`, `email`, `hideEmail`, `telephone`, `hideTelephone`, `notifInscription`, `notifComment`, `notifUnsuscribe`, `notifDeleteRide`, `notifModification`, `blacklisted`, `admin`) VALUES
(1, 'Joël', 'joel.buchs@cpnv.ch', 0, '0797854323', 0, 1, 1, 1, 1, 1, 0, 0),
(2, 'Axel', 'axel.piaget@cpnv.ch', 0, '0797678907', 0, 1, 1, 1, 1, 1, 0, 0);

--
-- Contenu de la table `votes`
--

INSERT INTO `votes` (`id`, `passenger_fk`, `targetuser_fk`, `date`, `vote`) VALUES
(1, 1, 2, '2015-01-01 00:00:00', 4);

/*!40101 SET CHARACTER_SET_CLIENT=@OLD_CHARACTER_SET_CLIENT */;
/*!40101 SET CHARACTER_SET_RESULTS=@OLD_CHARACTER_SET_RESULTS */;
/*!40101 SET COLLATION_CONNECTION=@OLD_COLLATION_CONNECTION */;
